name,confirmed,icon,description,original,drafted,eric_take
A Tribe Called Quest,yes,🎷,Jazz-rap pioneers. Can I Kick It? Yes you can.,yes,,
Alice in Chains,yes,⛓️,Layne Staley and Jerry Cantrell. Harmonies from the abyss.,yes,,
Allman Brothers Band,yes,🍑,Duane and Gregg. At Fillmore East. Southern blues rock perfection.,yes,,
Amy Winehouse,yes,🖤,Back to Black. Voice from another era trapped in this one.,yes,,
Antonio Carlos Jobim,yes,🌴,The Girl from Ipanema. Brazilian genius who changed jazz.,yes,,
Aphex Twin,yes,😊,no clue,yes,,
Arcade Fire,yes,🔥,Montreal collective. Funeral. Arena indie before that was a thing.,yes,,
Aretha Franklin,yes,👑,The Queen. Respect. That's it. That's the description.,yes,,
B.B. King,yes,👑,Lucille. The thrill is gone. King of the Blues.,yes,,
Backstreet Boys,yes,🖤,I Want It That Way. Sold 100 million records.,yes,,
Beastie Boys,yes,📢,Three white kids from NYC. Licensed to Ill to Paul's Boutique genius.,yes,,
Bee Gees,yes,🕺,Stayin' Alive. The Gibbs brothers owned Saturday night.,yes,,
Beyoncé,yes,🐝,Destiny's Child to solo dominance. Lemonade. Renaissance. The standard.,yes,,
Billie Eilish,yes,🕷️,Bedroom pop to global domination. Whispered a generation into existence.,yes,,
Blur,yes,🎨,Damon Albarn's art school cool. Parklife to experimental.,yes,,
Boards of Canada,yes,🏔️,Nostalgic electronica. Music Has the Right to Children. Haunted.,yes,,
Bob Dylan,yes,🌬️,Timothy Chalamet,yes,,
Bon Iver,yes,❄️,Justin Vernon in a cabin. For Emma. Skinny Love. Then reinvented everything.,yes,,
Brian Eno,yes,🎨,Invented ambient music. Music for Airports. Producer to the stars.,yes,,
Cat Stevens,yes,🚂,Peace Train. Wild World. Tea for the Tillerman. Then walked away.,yes,,
Charles Mingus,yes,🎻,"Composer, bandleader, force of nature. The bass as orchestra.",yes,,
Chic,yes,🎸,Nile Rodgers and Bernard Edwards. Le Freak. Good Times. The groove.,yes,,
Chuck Berry,yes,🦆,Invented the rock guitar solo. Every riff traces back here.,yes,,
Cream,yes,🎸,"Clapton, Baker, Bruce. Power trio. Crossroads. Sunshine of Your Love.",yes,,
D'Angelo,yes,🙏,Voodoo. Brown Sugar. Made R&B organic and raw again.,yes,,
Daft Punk,yes,🤖,Around the World. Discovery. Random Access Memories. French robots.,yes,,
David Bowie,yes,⚡,Ziggy Stardust. Chameleon. Alien. The most important artist of the 70s.,yes,,
Depeche Mode,yes,⬛,Basildon boys who made darkness danceable. Never stopped.,yes,,
Derrick May,yes,🌃,Detroit techno originator. Strings of Life. Innovator.,yes,,
Dick Dale,yes,🌊,King of the Surf Guitar. Misirlou. That reverb.,yes,,
Disclosure,yes,🔲,UK brothers. Settle. Brought house to the streaming generation.,yes,,
Donna Summer,yes,🔥,Queen of Disco. I Feel Love. Moroder's synths + her voice.,yes,,
Drake,yes,🦉,Started from the bottom. Singing rapper. Dominated streaming.,yes,,
"Earth, Wind & Fire",yes,🌍,September. Boogie Wonderland. Joy as a musical philosophy.,yes,,
Elton John,yes,🎹,Tiny Dancer. Rocket Man. Spectacles and sequins over pure songcraft.,yes,,
Elvis Presley,yes,👑,"The King. Took blues and country, made it dangerous, then safe, then strange again.",yes,,
Eminem,yes,💊,Slim Shady. Marshall Mathers. Best-selling rapper ever. Detroit.,yes,,
Erykah Badu,yes,🌻,Baduizm. High priestess of neo-soul. Analog Girl in a Digital World.,yes,,
Fleet Foxes,yes,🦊,Robin Pecknold. Baroque folk harmonies from Seattle. Timeless.,yes,,
Fleetwood Mac,yes,🐦,Reinvented as pop-rock royalty. Rumours: heartbreak as art.,yes,,
Flume,yes,🌸,Australian future bass. Self-titled debut at 21.,yes,,
Frank Ocean,yes,🌊,Channel Orange. Blonde. Redefined vulnerability in R&B.,yes,,
Frankie Knuckles,yes,🎧,The Godfather of House. Chicago warehouse. Your Love.,yes,,
Grandmaster Flash,yes,⚡,The Message. The turntable as instrument. Hip hop's first masterpiece.,yes,,
Green Day,yes,💣,Brought punk to the suburbs. Dookie to American Idiot.,yes,,
Herbie Hancock,yes,🎹,Head Hunters. Future Shock. Jazz that bumps.,yes,,
Howlin' Wolf,yes,🐺,"That voice. Huge, terrifying, elemental.",yes,,
Iron & Wine,yes,🍷,Sam Beam's whisper. The Creek Drank the Cradle. Hushed beauty.,yes,,
James Brown,yes,🦶,The Godfather. Invented funk. The one.,yes,,
James Taylor,yes,🌅,Fire and Rain. Sweet Baby James. Laurel Canyon warmth.,yes,,
Jay-Z,yes,💎,Hov. Reasonable Doubt to Blueprint to empire. Brooklyn's own.,yes,,
Jefferson Airplane,yes,✈️,San Francisco's flagship. Grace Slick's voice cut through the haze.,yes,,
Jim Reeves,yes,🎙️,"Gentleman Jim. Velvet voice, countrypolitan smooth.",yes,,
Jimi Hendrix,yes,🔥,Rewired the electric guitar. Seattle via London via another dimension.,yes,,
Joan Baez,yes,🕊️,"The voice of the movement. Pure, clear, committed.",yes,,
John Coltrane,yes,🙏,From hard bop through sheets of sound to spiritual transcendence.,yes,,
John Mayall,yes,🎓,"The schoolmaster. Clapton, Peter Green, Mick Taylor all came through.",yes,,
Johnny Cash,yes,🖤,The Man in Black. Folsom Prison. American legend.,yes,,
Joni Mitchell,yes,🎨,Blue. Court and Spark. Painted in sound. Peerless.,yes,,
Joy Division,yes,📊,Ian Curtis. Unknown Pleasures. Atmosphere. Post-punk's beating heart.,yes,,
Kamasi Washington,yes,🎷,The Epic. Brought jazz back to the conversation. Spiritual.,yes,,
Kanye West,yes,🐻,College Dropout. MBDTF. Yeezus. Genius producer turned complicated everything.,yes,,
Kendrick Lamar,yes,🦅,"Good Kid, MAAD City. DAMN. Mr. Morale. Compton's prophet.",yes,,
Kraftwerk,yes,🚗,Autobahn. Trans-Europe Express. Düsseldorf robots who invented the future.,yes,,
Lauryn Hill,yes,👸,Miseducation. One perfect solo album. That's enough.,yes,,
Led Zeppelin,yes,🔨,"The hammer of the gods. Bonham, Page, Plant, Jones. Heavy.",yes,,
Lesley Gore,yes,🎂,It's My Party. Teen pop with backbone.,yes,,
Madonna,yes,👸,Material Girl to icon. Reinvented herself every era.,yes,,
Marvin Gaye,yes,🎤,What's Going On. Let's Get It On. Soul with a conscience.,yes,,
Michael Jackson,yes,🌟,"The King of Pop. Thriller. Moonwalk. Changed music, dance, video, everything.",yes,,
Miles Davis,yes,🎺,Cool incarnate. Reinvented jazz every decade.,yes,,
Muddy Waters,yes,🌊,Electrified the Delta. Every British kid wanted to be him.,yes,,
Nas,yes,📜,Illmatic. Queensbridge poet. One perfect album and a career of great ones.,yes,,
New Order,yes,💠,From the ashes of Joy Division. Blue Monday changed everything.,yes,,
Nick Drake,yes,🌙,"Pink Moon. Three albums, no fame, then gone. Discovered too late.",yes,,
Nirvana,yes,😐,Nevermind. Kurt Cobain screamed and whispered a generation awake.,yes,,
Oasis,yes,🌅,Gallagher brothers. Wonderwall. Definitely Maybe. Lads.,yes,,
Ornette Coleman,yes,🔮,"Threw out the rulebook. Free Jazz wasn't a genre, it was a declaration.",yes,,
Otis Redding,yes,💙,"Stax's greatest voice. Raw, urgent, gone too soon.",yes,,
OutKast,yes,🛸,André 3000 and Big Boi. ATLiens. Stankonia. Hey Ya!,yes,,
Parliament-Funkadelic,yes,🛸,George Clinton's mothership. One nation under a groove.,yes,,
Patsy Cline,yes,🌹,"Crazy. I Fall to Pieces. Country's greatest voice, gone too soon.",yes,,
Pearl Jam,yes,🌊,Eddie Vedder's baritone. Ten. Alive. Still going.,yes,,
Pete Seeger,yes,🪘,The link to Woody Guthrie. Keeper of the flame.,yes,,
Pink Floyd,yes,🌈,Dark Side. The Wall. Comfortably Numb. Art as stadium rock.,yes,,
Prince,yes,💜,Purple Rain. Genius. Played every instrument. Danced harder than anyone.,yes,,
Public Enemy,yes,🎯,"Fight the Power. Chuck D's voice, Flavor Flav's clock, Bomb Squad's noise.",yes,,
Queen,yes,👑,Freddie Mercury's range. Brian May's guitar. Bohemian Rhapsody.,yes,,
Radiohead,yes,🤖,OK Computer. Kid A. Kept evolving past everyone.,yes,,
Ramones,yes,🦅,Queens. 1-2-3-4! Two-minute songs that launched a thousand bands.,yes,,
Return to Forever,yes,🔥,Chick Corea's electric group. Romantic Warrior. Virtuosity.,yes,,
Robert Glasper,yes,🎹,Black Radio. Jazz meets hip hop meets R&B. Genre-fluid.,yes,,
Rolling Stones,yes,👅,"The anti-Beatles. Blues, swagger, menace.",yes,,
Run-DMC,yes,👟,Walk This Way. Made hip hop rock. Adidas with no laces.,yes,,
Ryan Adams,yes,💔,Heartbreaker. Whiskeytown to prolific solo career.,yes,,
Sam Cooke,yes,✨,Gospel smoothness turned secular. A Change Is Gonna Come.,yes,,
Sex Pistols,yes,🔧,Anarchy in the UK. One album. Changed everything.,yes,,
Shabaka Hutchings,yes,🌍,Sons of Kemet. The Comet Is Coming. London's jazz renaissance.,yes,,
Simon & Garfunkel,yes,🌉,The Sound of Silence. Poetry and harmony from Queens.,yes,,
Skrillex,yes,👾,Scary Monsters. Brought dubstep to the mainstream.,yes,,
Sly & The Family Stone,yes,🌈,"Integrated band, integrated sound. Everyday People.",yes,,
Soundgarden,yes,🕳️,"Chris Cornell's voice. Black Hole Sun. Heavy, strange, beautiful.",yes,,
Spice Girls,yes,🌶️,"Girl Power. Wannabe. Five personalities, one cultural earthquake.",yes,,
Stan Getz,yes,🎷,The Sound. Brought bossa nova to America.,yes,,
Stevie Ray Vaughan,yes,⚡,Texas Flood. Last great blues guitar hero. Breathtaking.,yes,,
Stevie Wonder,yes,🎹,Little Stevie became a genius. The 70s run is untouchable.,yes,,
Sturgill Simpson,yes,🌀,Metamodern Sounds. Country's psychedelic outlaw for a new era.,yes,,
Sun Ra,yes,🪐,From Saturn. Arkestra. Space is the place.,yes,,
T. Rex,yes,🦖,Marc Bolan. Electric Warrior. Invented glam rock over a weekend.,yes,,
Talking Heads,yes,🏠,David Byrne's big suit. Psycho Killer. Same as it ever was.,yes,,
Tame Impala,yes,🌀,Kevin Parker's one-man psych-pop universe. Currents changed the game.,yes,,
Tangerine Dream,yes,🍊,Berlin school. Sequencers and cosmic ambience.,yes,,
Taylor Swift,yes,🐍,Country kid turned pop titan turned indie. Eras Tour broke records.,yes,,
Tears for Fears,yes,🌍,Everybody Wants to Rule the World. Ambition as pop.,yes,,
The Archies,yes,🎪,Sugar Sugar. A cartoon band that outsold the Beatles in 1969.,yes,,
The Beach Boys,yes,☀️,California myth-makers. Brian Wilson's genius took them far beyond surfing.,yes,,
The Beatles,yes,🍏,Liverpool four-piece that rewrote the rules. Again. And again.,yes,,
The Byrds,yes,🦅,Jangle and shimmer. Dylan through a Rickenbacker.,yes,,
The Chemical Brothers,yes,🧪,Block Rockin' Beats. Big beat pioneers from Manchester.,yes,,
The Clash,yes,⭐,The only band that matters. Punk plus reggae plus everything.,yes,,
The Cure,yes,💋,"Robert Smith's lipstick and hair. Goth, pop, heartbreak, joy.",yes,,
The Doors,yes,🚪,"Morrison's poetry, Manzarek's keys. LA noir meets Dionysus.",yes,,
The Monkees,yes,🐒,"Manufactured for TV, became real. Hey Hey.",yes,,
The Notorious B.I.G.,yes,👑,Ready to Die. Brooklyn's finest storyteller. Juicy.,yes,,
The Prodigy,yes,🔥,Firestarter. Breathe. Rave music with punk attitude.,yes,,
The Ronettes,yes,💄,"Be My Baby. Phil Spector's wall of sound, Ronnie's voice on top.",yes,,
The Strokes,yes,🗽,Is This It. NYC garage revival. Made rock cool again in 2001.,yes,,
The Supremes,yes,💎,Diana Ross and Motown's crown jewels. Hit after hit.,yes,,
The Temptations,yes,🕺,"My Girl. Five voices, perfect choreography, unstoppable.",yes,,
The Weeknd,yes,🌙,Abel Tesfaye. Dark R&B turned stadium pop. Blinding Lights.,yes,,
The White Stripes,yes,🔴,"Jack and Meg. Two people, one guitar, one drum kit. Seven Nation Army.",yes,,
The Who,yes,💥,"Maximum R&B. Townshend's windmill, Moon's chaos.",yes,,
Them,yes,🔥,Belfast R&B. Van Morrison's raw start. Gloria.,yes,,
Three 6 Mafia,yes,😈,"Memphis. Dark, hypnotic, influential. Won an Oscar.",yes,,
Travis Scott,yes,🌵,Astroworld. Rage. Houston's psychedelic trap auteur.,yes,,
Tupac Shakur,yes,🌹,"All Eyez on Me. Poet, activist, icon. California Love.",yes,,
Tyler Childers,yes,⛰️,Purgatory. Kentucky coal country voice. Appalachian new guard.,yes,,
"Tyler, the Creator",yes,🌺,Odd Future to IGOR. Constant evolution.,yes,,
Waylon Jennings,yes,🎸,Refused Nashville's polish. Did it his way.,yes,,
Weather Report,yes,🌤️,Zawinul and Shorter. Birdland. Jazz fusion's greatest band.,yes,,
Wilco,yes,📡,Jeff Tweedy. Uncle Tupelo to Yankee Hotel Foxtrot.,yes,,
Willie Nelson,yes,🌿,Red Headed Stranger. On the Road Again. Texas icon.,yes,,
Wu-Tang Clan,yes,⚔️,36 Chambers. Staten Island's finest. Protect Ya Neck.,yes,,
ZZ Top,yes,🧔,Texas boogie. La Grange. Sharp Dressed Man. Those beards.,yes,,
2 Unlimited,no,,,,,
2Pac,yes,👑,"All Eyez on Me. Me Against the World. Dear Mama. Shot twice, survived, made better music. Then gone at 25.",,yes,
50 Cent,yes,🔫,Get Rich or Die Tryin'. Nine bullets and a smile. In Da Club is the greatest party song ever made.,,yes,
Aaliyah,yes,🕊️,Age Ain't Nothing but a Number at 15. One in a Million redefined R&B. Try Again. Gone at 22. The blueprint nobody fully copied.,,yes,
ABBA,yes,✨,Waterloo. Dancing Queen. Mamma Mia. Four Swedes in sequins who wrote the greatest pop songs ever made. Voyage proved they still could.,,yes,
Above & Beyond,no,,,,,
AC/DC,yes,⚡,"Two chords, maximum voltage. Bon Scott's swagger then Angus kept going. Rock reduced to its purest element.",,yes,
Ace of Base,no,,,,,
Aerosmith,yes,🎸,Dream On. Walk This Way. Toys in the Attic. Pump. Boston bad boys who survived everything including themselves.,,yes,
Aesop Rock,no,,,,,
Ahmad Jamal,no,,,,,
Akira Yamaoka,no,,,,,
Al Green,yes,🌹,Let's Stay Together. Tired of Being Alone. Take Me to the River. The most sensual voice in soul music. Then he found God and made gospel.,,yes,"My father never had to compete w Al Green, Marvin Gaye & them dudes like we gotta do w Trey & them — Joe Budden (truth)"
Albert Collins,no,,,,,
Alexis Korner,no,,,,,
Alice Coltrane,no,,,,,
Alice Cooper,no,,,,,
Alicia Keys,no,🔑,,,,
Aloe Blacc,no,,,,,
Amon Amarth,no,,,,,
Amon Tobin,no,,,,,
Amorphis,no,,,,,
Anathema,no,,,,,
Andrew Bird,no,,,,,
Angie Stone,no,,,,,
Animal Collective,no,,,,,
Annihilator,no,,,,,
Anthony Braxton,no,,,,,
Anthrax,no,,,,,
Antônio Carlos Jobim,no,,,,,
Arch Enemy,no,,,,,
Ariana Grande,no,,,,,
Armin van Buuren,no,,,,,
Arrested Development,no,,,,,
Art Pepper,no,,,,,
Arthur “Big Boy” Crudup,no,,,,,
Artie Shaw,no,,,,,
Arturo Sandoval,no,,,,,
Ash,no,,,,,
Astrud Gilberto,no,,,,,
ATB,no,,,,,
Augustus Pablo,no,,,,,
Avicii,no,,,,,
Ayreon,no,,,,,
a‐ha,no,,,,,
A★Teens,yes,⭐,Swedish teens covering ABBA and making it work. Mamma Mia at the school dance. Upside Down was their own and it slapped. Y2K pop at its most joyful.,,yes,
Baden Powell,no,,,,,
Bananarama,no,,,,,
Barbra Streisand,no,,,,,
Barry White,no,,,,,
Basement Jaxx,no,,,,,
Bay City Rollers,yes,,,,,
Beck,no,,,,,
Behemoth,no,,,,,
Benny Goodman,no,,,,,
Biffy Clyro,no,,,,,
Big Bill Broonzy,no,,,,,
Big Daddy Kane,no,,,,,
Bill Evans,no,,,,,
Bill Frisell,no,,,,,
Bill Haley and His Comets,no,,,,,
Bill Withers,no,,,,,
Billie Holiday,no,,,,,
Björk,no,,,,,
Black Eyed Peas,no,,,,,
Black Sabbath,yes,🦇,Invented heavy metal in a Birmingham factory town. Tony Iommi's tritone changed everything.,,yes,
Black Uhuru,no,,,,,
Blind Guardian,no,,,,,
Blind Lemon Jefferson,no,,,,,
Blind Willie Johnson,no,,,,,
blink‐182,no,,,,,
Bloc Party,no,,,,,
Blondie,no,,,,,
Blue Öyster Cult,no,,,,,
Bob Marley,no,,,,,
Bob Marley & The Wailers,yes,🦁,Exodus. Redemption Song. Took reggae from Kingston to the entire world. The voice of liberation.,,yes,
Bob Sinclar,no,,,,,
Bobby Darin,yes,🎩,"Mack the Knife. Beyond the Sea. Splish Splash. Rock and roll kid turned Vegas lounge king turned folk protest singer. Did everything, died at 37, left a catalog that won't quit.",,yes,
Bobby Womack,no,,,,,
Bon Jovi,no,,,,,
Bone Thugs‐n‐Harmony,no,,,,,
Boney M.,no,,,,,
Bonnie Tyler,no,,,,,
Booker T. & the MG’s,no,,,,,
Boots Randolph,no,,,,,
Boris,no,,,,,
Boyzone,no,,,,,
Britney Spears,yes,👑,"...Baby One More Time. That schoolgirl outfit. Toxic is the greatest pop production of the 2000s. Blackout was ahead of its time by a decade. She didn't just define an era, she was the era.",,yes,
Brook Benton,no,,,,,
Bruce Springsteen,no,,,,,
Bryan Adams,no,,,,,
BT,no,,,,,
Buck Owens,no,,,,,
Buckethead,no,,,,,
Bucks Fizz,yes,,,,,
Bud Powell,no,,,,,
Buddy Guy,no,,,,,
Burna Boy,no,,,,,
Bush,no,,,,,
B’z,no,,,,,
Calexico,no,,,,,
Calvin Harris,no,,,,,
Can,no,,,,,
Candlemass,no,,,,,
Canned Heat,no,,,,,
Cannibal Corpse,no,,,,,
Cannonball Adderley,no,,,,,
Caparezza,no,,,,,
Carl Perkins,no,,,,,
Carole King,no,,,,,
Cathedral,no,,,,,
Charli xcx,no,,,,,
Charlie Parker,no,,,,,
Chet Atkins,no,,,,,
Chick Corea,no,,,,,
Children of Bodom,no,,,,,
Chris Rea,no,,,,,
Christina Aguilera,yes,🎤,"Genie in a Bottle, then she grew up and made Stripped. Beautiful. Fighter. That voice has four octaves and she uses every single one. Dirrty changed the conversation.",,yes,
Christine McVie,no,,,,,
Clifford Brown,no,,,,,
Clutch,no,,,,,
Cocteau Twins,no,,,,,
Coldplay,no,,,,,
Coleman Hawkins,no,,,,,
Common,yes,☀️,I Used to Love H.E.R. is hip hop as a woman you're losing. Chicago's conscious voice. Be is a perfect album.,,yes,commons album is one of the best ive heard all year
Conway Twitty,no,,,,,
Cosmic Gate,no,,,,,
Count Basie,no,,,,,
Cradle of Filth,no,,,,,
Crazy Horse,no,,,,,
Creedence Clearwater Revival,no,,,,,
Cypress Hill,no,,,,,
Céline Dion,no,,,,,
Dalida,no,,,,,
Dark Funeral,no,,,,,
Dark Tranquillity,no,,,,,
Daryl Hall & John Oates,no,,,,,
Dave Brubeck,no,,,,,
Dave Matthews Band,no,,,,,
David Banner,no,,,,,
David Guetta,no,,,,,
David “Honeyboy” Edwards,no,,,,,
Daz Dillinger,no,,,,,
De La Soul,no,,,,,
Dead Can Dance,no,,,,,
deadmau5,no,,,,,
Dean Martin,no,,,,,
Death,no,,,,,
Death Cab for Cutie,no,,,,,
Debbie Gibson,yes,🎹,"Wrote, produced, and performed Only in My Dreams at 16. Lost in Your Eyes went #1. The original teen pop auteur before anyone used that word.",,yes,
Deep Forest,no,,,,,
Deep Purple,no,,,,,
Def Leppard,no,,,,,
Deftones,no,,,,,
Del Shannon,yes,,,,,
Demi Lovato,yes,💪,Heart Attack. Sorry Not Sorry. Disney kid who fought through everything and came out screaming. Cool for the Summer. That voice could shatter concrete.,,yes,
Destruction,no,,,,,
Devendra Banhart,no,,,,,
Diana Ross,no,,,,,
Die Toten Hosen,no,,,,,
Die Ärzte,no,,,,,
Dimmu Borgir,no,,,,,
Dinosaur Jr.,no,,,,,
Dionne Warwick,no,,,,,
DIR EN GREY,yes,🩸,Visual kei to progressive metal to something nobody can name. Uroboros is a masterpiece that will terrify you. Kyo's vocals go places the human voice shouldn't.,,yes,
Dizzy Gillespie,no,,,,,
DJ BoBo,no,,,,,
DJ Fresh,no,,,,,
DJ Shadow,no,,,,,
Django Reinhardt,no,,,,,
Doc Watson,no,,,,,
Dolly Parton,no,,,,,
Don Cherry,no,,,,,
Don Williams,no,,,,,
Donald Byrd,no,,,,,
Dorival Caymmi,no,,,,,
Dream Theater,yes,⚙️,"Pull Me Under. Metropolis Part 2 is a concept album that actually works. Portnoy, Petrucci, Rudess — prog-metal's holy trinity, time signatures for days.",,yes,
Dua Lipa,no,,,,,
Duane Eddy,no,,,,,
Duke Ellington,no,,,,,
Duran Duran,no,,,,,
Eagles,no,,,,,
East 17,no,,,,,
Eddie Floyd,no,,,,,
Eddy Arnold,no,,,,,
Eddy Mitchell,no,,,,,
Edward Maya,no,,,,,
EELS,no,,,,,
Ektomorf,no,,,,,
Elbow,no,,,,,
Electric Light Orchestra,no,,,,,
Eliane Elias,no,,,,,
Elis Regina,no,,,,,
Ella Eyre,no,,,,,
Ella Fitzgerald,no,,,,,
Ellie Goulding,no,,,,,
Elliott Smith,no,,,,,
Elmore James,no,,,,,
Emeli Sandé,no,,,,,
Emmylou Harris,no,,,,,
Emperor,no,,,,,
Erasure,no,,,,,
Eric Clapton,yes,👏,"Greatest guitarist in the world, CREAM, White Room",,,
Eric Dolphy,no,,,,,
Ernest Tubb,no,,,,,
Etta James,no,,,,,
Europe,no,,,,,
Evanescence,no,,,,,
Evergrey,no,,,,,
Exodus,no,,,,,
Faith No More,no,,,,,
Faithless,yes,🙏,"Insomnia. God Is a DJ. Maxi Jazz preaching over house beats at 3 AM. Salva Mea in a field of 50,000 people and everyone's hands are up.",,yes,
Fall Out Boy,no,,,,,
Fatboy Slim,no,,,,,
Fats Domino,no,,,,,
Fear Factory,no,,,,,
Fela Kuti,no,,,,,
Femi Kuti,no,,,,,
Foals,no,,,,,
Foo Fighters,no,,,,,
Foreigner,no,,,,,
Four Tet,no,,,,,
Four Tops,no,,,,,
Frank Sinatra,no,,,,,
Frank Zappa,no,,,,,
Freddie Hubbard,no,,,,,
Freddie King,no,,,,,
French Montana,no,,,,,
Future,no,,,,,
Gabrielle Aplin,no,,,,,
Gal Costa,no,,,,,
Gang Starr,no,,,,,
Garbage,no,,,,,
Garth Brooks,no,,,,,
Gary Moore,yes,🎸,Blues-rock titan who could make a Les Paul weep. Still Got the Blues is the benchmark. Parisienne Walkways at a pub in Dublin and you're done for the night.,,yes,
Gary Numan,no,,,,,
Gene Vincent,no,,,,,
Genesis,no,,,,,
George Jones,no,,,,,
GG Allin,no,,,,,
Ghostface Killah,no,,,,,
Gigi D’Agostino,no,,,,,
Gilberto Gil,no,,,,,
Glen Campbell,no,,,,,
Glenn Miller,no,,,,,
Gloria Estefan,no,,,,,
Gorillaz,yes,🦍,Damon Albarn's cartoon band that turned out to be the real thing. Feel Good Inc. Clint Eastwood. Genre is irrelevant.,,yes,
Grateful Dead,no,,,,,
Gregory Isaacs,no,,,,,
Groove Armada,no,,,,,
Gucci Mane,yes,🍦,"Trap House to trap god. East Atlanta Santa. More mixtapes than anyone can count, and they all bump.",,yes,why i am up at 220 am on a sunday night listening to gucci mane is beyond me
Guns N’ Roses,no,,,,,
Guru,no,,,,,
Hank Mobley,yes,🎷,The middleweight champion of the tenor sax. Soul Station is one of the most perfect hard bop records ever pressed. Smooth enough to pour over ice.,,yes,
Hank Snow,no,,,,,
Hank Williams,no,,,,,
"Hank Williams, Jr.",no,,,,,
Harry Belafonte,no,,,,,
Hawkwind,no,,,,,
Heart,no,,,,,
Hilary Duff,yes,💫,So Yesterday. Come Clean. Lizzie McGuire's metamorphosis into a legit pop star. Dignity was underrated. Came back in 2026 and proved she never left.,,yes,
Horace Andy,no,,,,,
Horace Silver,no,,,,,
Hugh Masekela,no,,,,,
Hypocrisy,no,,,,,
Ian Hunter,no,,,,,
Iced Earth,no,,,,,
Iggy Pop,no,,,,,
Ike & Tina Turner,no,,,,,
Imagine Dragons,no,,,,,
In Flames,no,,,,,
Infected Mushroom,no,,,,,
INXS,no,,,,,
Iron Maiden,no,,,,,
Jack White,no,,,,,
James Blake,yes,🌊,"The Wilhelm Scream. That voice through the static. Took dubstep, stripped it to the bone, and made it weep. Limit to Your Love on a late night drive and the bass drops through the floor.",,yes,
James Cotton,no,,,,,
James Ingram,no,,,,,
James Last,no,,,,,
James Moody,no,,,,,
Jamiroquai,no,,,,,
Janet Jackson,no,,,,,
Jean‐Michel Jarre,no,,,,,
Jeezy,no,,,,,
Jeff Mills,no,,,,,
Jennifer Lopez,no,,,,,
Jerry Lee Lewis,no,,,,,
Jesse McCartney,yes,🎶,Beautiful Soul. Leavin'. The voice behind Leona Lewis's Bleeding Love. Boy band kid turned genuine songwriter. Just So You Know still hits.,,yes,
Jessica Simpson,yes,👢,"I Wanna Love You Forever. The voice was always the real thing. With You. A Public Affair. Pop career, fashion empire, and a memoir that rewrote her story.",,yes,
Jessie J,no,,,,,
Jet,no,,,,,
Jethro Tull,no,,,,,
Jim Hall,no,,,,,
Jimmy Cliff,no,,,,,
Jimmy Eat World,no,,,,,
Jimmy Reed,no,,,,,
JLS,no,,,,,
Joanna Newsom,no,,,,,
Joe Bonamassa,no,,,,,
Joe Budden,yes,🎙️,"Pump It Up was the hit. Mood Muzik was the art. Introspection over heavy beats, no filter.",,yes,
Joe Henderson,no,,,,,
Joe Pass,no,,,,,
John Farnham,no,,,,,
John Lee Hooker,no,,,,,
John Legend,no,,,,,
John Lennon,no,,,,,
John Lewis,no,,,,,
John Mayall & the Bluesbreakers,no,,,,,
John Mellencamp,no,,,,,
John Zorn,no,,,,,
Johnny Griffin,no,,,,,
Johnny Mathis,no,,,,,
Johnny Winter,no,,,,,
Jonas Brothers,no,,,,,
Jorge Ben Jor,no,,,,,
José Afonso,no,,,,,
José Feliciano,no,,,,,
Journey,no,,,,,
João Gilberto,no,,,,,
Judas Priest,no,,,,,
Juelz Santana,no,,,,,
Juice WRLD,no,,,,,
Julee Cruise,no,,,,,
Julie London,no,,,,,
Julio Iglesias,no,,,,,
June Christy,no,,,,,
Junior Wells,no,,,,,
Junkie XL,no,,,,,
Justin Timberlake,no,,,,,
Ye,no,,,,,
Kaskade,no,,,,,
KAT-TUN,no,,,,,
Kataklysm,no,,,,,
Katatonia,no,,,,,
Kate Bush,yes,🦇,Wuthering Heights at 19. Running Up That Hill 37 years later. Built entire worlds in a home studio.,,yes,
Katy B,no,,,,,
Katy Perry,no,,,,,
Keane,no,,,,,
Keb’ Mo’,no,,,,,
Kelis,no,,,,,
Ken Carson,no,,,,,
Kenny G,no,,,,,
King Crimson,no,,,,,
King Gizzard & the Lizard Wizard,no,,,,,
Kings of Leon,no,,,,,
KISS,no,,,,,
Klaus Schulze,no,,,,,
Kodak Black,no,,,,,
Kool & the Gang,no,,,,,
Korn,no,,,,,
Krayzie Bone,no,,,,,
Kreator,no,,,,,
Kris Kristofferson,no,,,,,
KRS‐One,no,,,,,
Kurupt,no,,,,,
Kylie Minogue,no,,,,,
Kyuss,no,,,,,
Lady Gaga,no,,,,,
Lana Del Rey,no,,,,,
Larry Coryell,no,,,,,
Lee “Scratch” Perry,no,,,,,
Less Than Jake,no,,,,,
Lester Young,no,,,,,
Level 42,no,,,,,
Liam Gallagher,no,,,,,
Lightnin’ Hopkins,no,,,,,
Lil Uzi Vert,no,,,,,
Lil Wayne,yes,🔥,"Weezy F Baby. Tha Carter series rewrote what a rapper could be. Punchlines, metaphors, ad-libs, chaos.",,yes,"I fall off my skateboard, I don't fall in love"
Limp Bizkit,no,,,,,
Linkin Park,no,,,,,
Little Richard,no,,,,,
Live,no,,,,,
LL Cool J,no,,,,,
Lloyd Banks,no,,,,,
Loretta Lynn,no,,,,,
Lost Frequencies,no,,,,,
Lou Donaldson,no,,,,,
Lou Reed,no,,,,,
Louis Armstrong,no,,,,,
Luiz Bonfá,no,,,,,
Lupe Fiasco,yes,🛹,"Kick, Push. Food & Liquor. The Cool. Chicago's other genius — the one who reads books.",,yes,This lupe album fire doee
Lynn Anderson,no,,,,,
Lynyrd Skynyrd,no,,,,,
Mac Miller,no,,,,,
Machine Head,no,,,,,
Macy Gray,no,,,,,
Madlib,no,,,,,
Madness,no,,,,,
Mahalia Jackson,no,,,,,
Mandy Moore,yes,🌸,"Candy at 15. Then she grew up, made Wild Hope, and became the quiet one with taste. Coverage is a covers album that works. Extraordinary is the sleeper.",,yes,
Manfred Mann,no,,,,,
Manic Street Preachers,no,,,,,
Manu Dibango,no,,,,,
Marduk,no,,,,,
Mariah Carey,no,,,,,
Marillion,no,,,,,
Marilyn Manson,no,,,,,
Mark Isham,no,,,,,
Markus Schulz,no,,,,,
Martha Reeves and the Vandellas,no,,,,,
Martin Solveig,no,,,,,
Massive Attack,yes,🌫️,"Bristol trip-hop. Blue Lines to Mezzanine. Teardrop, Angel, Unfinished Sympathy. Invented a mood.",,yes,
Max Roach,no,,,,,
Mayhem,no,,,,,
MC Eiht,no,,,,,
MC Solaar,no,,,,,
McCoy Tyner,no,,,,,
Megadeth,no,,,,,
Melvins,no,,,,,
Memphis Minnie,no,,,,,
Memphis Slim,no,,,,,
Merle Haggard,no,,,,,
Metallica,no,,,,,
MF DOOM,no,,,,,
Michel Legrand,no,,,,,
Mick Taylor,no,,,,,
Middle of the Road,yes,,,,,
Migos,no,,,,,
Mike Oldfield,no,,,,,
Milt Jackson,no,,,,,
Miriam Makeba,no,,,,,
Mobb Deep,no,,,,,
Moby,no,,,,,
Modern Talking,no,,,,,
Modest Mouse,no,,,,,
Mogwai,no,,,,,
Moloko,no,,,,,
Mongo Santamaría,no,,,,,
Moonspell,no,,,,,
Morbid Angel,no,,,,,
Morrissey,no,,,,,
Motörhead,no,,,,,
MUCC,no,,,,,
Muse,no,,,,,
My Chemical Romance,no,,,,,
My Dying Bride,no,,,,,
Mylène Farmer,no,,,,,
Mötley Crüe,no,,,,,
Nana Mouskouri,no,,,,,
Napalm Death,no,,,,,
Narada Michael Walden,no,,,,,
Nat King Cole,no,,,,,
Natalie Cole,no,,,,,
Neil Young,yes,🌾,Heart of Gold. Cortez the Killer. Rust Never Sleeps. Half a century of never doing the same thing twice.,,yes,
New Found Glory,no,,,,,
NEWS,no,,,,,
Nick Cave & the Bad Seeds,no,,,,,
Nightwish,no,,,,,
Nina Simone,yes,🎹,"Classically trained, couldn't be contained. Piano and fury. Civil rights and heartbreak and Feeling Good.",,yes,
Nine Inch Nails,no,,,,,
Noisia,no,,,,,
Nokturnal Mortum,no,,,,,
Norah Jones,no,,,,,
Obituary,no,,,,,
Opeth,no,,,,,
Orbital,no,,,,,
Oscar Peterson,no,,,,,
Otis Rush,no,,,,,
Outlawz,no,,,,,
Overkill,no,,,,,
O‐Zone,no,,,,,
P!nk,no,,,,,
Paco de Lucía,no,,,,,
Pain of Salvation,no,,,,,
Paloma Faith,no,,,,,
Pantera,no,,,,,
Paquito D’Rivera,no,,,,,
Paradise Lost,no,,,,,
Paramore,no,,,,,
Paul Bley,no,,,,,
Paul Desmond,no,,,,,
Paul McCartney,no,,,,,
Paul Oakenfold,no,,,,,
Paul Simon,no,,,,,
Paul van Dyk,no,,,,,
Paul Weller,no,,,,,
Peggy Lee,no,,,,,
Percy Sledge,no,,,,,
Perfume,no,,,,,
Perry Como,no,,,,,
Pet Shop Boys,no,,,,,
Peter Gabriel,no,,,,,
Petula Clark,no,,,,,
Pharoah Sanders,no,,,,,
Philip Glass,no,,,,,
Phish,no,,,,,
Pixies,yes,👽,"Loud quiet loud. Black Francis screaming, Kim Deal holding it down. Where Is My Mind started a revolution.",,yes,
Placebo,no,,,,,
Porcupine Tree,no,,,,,
Portugal. The Man,no,,,,,
Public Image Ltd,no,,,,,
Queens of the Stone Age,no,,,,,
Queensrÿche,no,,,,,
R. Kelly,no,,,,,
R.E.M.,yes,🌍,"Athens, Georgia. Murmur to Automatic. Invented college rock, then outgrew it. Losing My Religion.",,yes,
R.L. Burnside,no,,,,,
Rage,no,,,,,
Rage Against the Machine,no,,,,,
Ralph Stanley,no,,,,,
Randy Crawford,no,,,,,
Randy Weston,no,,,,,
Ray Charles,no,,,,,
RBD,yes,🇲🇽,"Rebelde. Six Mexican kids from a telenovela who became the biggest Latin pop group of the 2000s. Ser o Parecer. Solo Quedate en Silencio. Estadio Azteca, sold out.",,yes,
Red Hot Chili Peppers,yes,🌶️,"californication all around the world, its all love",,,
REO Speedwagon,no,,,,,
Rick Nelson,yes,🎸,Hello Mary Lou. Travelin' Man. Teen idol who actually played guitar and meant it. Garden Party is the greatest I don't care what you think song ever recorded.,,yes,
Rick Springfield,yes,,,,,
Rihanna,yes,💎,"Umbrella to ANTI. Barbados to the top of everything. Eight albums in eight years, each one a different Rihanna.",,yes,rihanna makes hits left and right holy shit
Riverside,no,,,,,
Robbie Williams,yes,🇬🇧,Take That's wildcard gone solo. Angels is the biggest pub singalong in British history. Feel is pure pop perfection. Owned the UK like nobody since.,,yes,
Robert Johnson,no,,,,,
Robin Schulz,no,,,,,
Rod Stewart,no,,,,,
Roger Whittaker,no,,,,,
Rotting Christ,no,,,,,
Roy Ayers,no,,,,,
Roy Buchanan,no,,,,,
Roy Orbison,no,,,,,
Rubén Blades,no,,,,,
Run‐D.M.C.,no,,,,,
Rush,no,,,,,
RZA,no,,,,,
Sade,no,,,,,
Saint Etienne,no,,,,,
Salt‐N‐Pepa,no,,,,,
Sam & Dave,no,,,,,
Santana,no,,,,,
Sarah Vaughan,yes,🎙️,The Divine One. A voice that could bend notes into shapes nobody else could find. Lullaby of Birdland is jazz vocals at the peak of the mountain.,,yes,
Sash!,no,,,,,
Savatage,no,,,,,
Scooter,no,,,,,
Scorpions,no,,,,,
Seal,no,,,,,
Sepultura,no,,,,,
Sevendust,no,,,,,
Shania Twain,no,,,,,
Sheryl Crow,no,,,,,
SHINee,no,,,,,
Sia,no,,,,,
Sigur Rós,no,,,,,
Simple Minds,no,,,,,
Simple Plan,no,,,,,
Sizzla,no,,,,,
Skeeter Davis,no,,,,,
Skip James,no,,,,,
Slayer,no,,,,,
Slipknot,no,,,,,
SMAP,no,,,,,
Snoop Dogg,yes,🐕,"Gin and Juice. That drawl. Doggystyle dropped and the West Coast never sounded the same. From Long Beach to everything, forever.",,yes,
Snow Patrol,no,,,,,
Sodom,no,,,,,
Soilwork,no,,,,,
Son House,no,,,,,
Sonic Youth,no,,,,,
Sonny Boy Williamson,no,,,,,
Sonny Rollins,no,,,,,
Soulfly,no,,,,,
Spiritualized,no,,,,,
Stan Kenton,no,,,,,
Status Quo,no,,,,,
Steps,no,,,,,
Stereolab,no,,,,,
Stereophonics,no,,,,,
Sting,no,,,,,
Styx,no,,,,,
Sublime,no,,,,,
Suede,no,,,,,
Supergrass,yes,🌀,"Caught by the Fuzz at 17. Alright is the sound of being young and not caring. Pumping on Your Stereo. Britpop's most underrated band, full stop.",,yes,
Suzanne Vega,no,,,,,
Suzi Quatro,yes,⚡,"The first female bass player to become a rock star. 48 Crash. Can the Can. Leather jumpsuit, no apologies. Joan Jett took notes.",,yes,
Swans,no,,,,,
Sweet,yes,,,,,
System of a Down,no,,,,,
Taj Mahal,no,,,,,
Taking Back Sunday,no,,,,,
Talk Talk,yes,🌿,"Started synth pop, ended post-rock. Spirit of Eden is the most important left turn in music history. Mark Hollis whispered and the world leaned in.",,yes,
Tamia,no,,,,,
Tammi Terrell,no,,,,,
Tankard,no,,,,,
Tanya Tucker,no,,,,,
Teddy Pendergrass,no,,,,,
Teddy Wilson,no,,,,,
Ten Years After,no,,,,,
Tennessee Ernie Ford,no,,,,,
Testament,no,,,,,
The Animals,no,,,,,
The Band,no,,,,,
The Black Keys,no,,,,,
The Brian Jonestown Massacre,no,,,,,
The Cranberries,no,,,,,
The Decemberists,no,,,,,
The Drifters,yes,🏖️,Under the Boardwalk. Save the Last Dance for Me. Up on the Roof. They wrote the soundtrack to every summer you wish you had.,,yes,
The Dubliners,no,,,,,
The E Street Band,no,,,,,
The Everly Brothers,no,,,,,
The Fall,no,,,,,
The Flaming Lips,no,,,,,
The Four Seasons,no,,,,,
The Game,no,,,,,
The Gathering,no,,,,,
The Highwaymen,no,,,,,
The Jacksons,yes,,,,,
The Jesus and Mary Chain,no,,,,,
The Jimi Hendrix Experience,yes,🔥,"Three albums. That's all it took. Purple Haze. Voodoo Child. All Along the Watchtower. The greatest guitarist who ever lived, gone at 27.",,yes,
The Kinks,no,,,,,
The Manhattan Transfer,no,,,,,
The Miracles,no,,,,,
The Modern Jazz Quartet,no,,,,,
The Moody Blues,no,,,,,
The Orb,no,,,,,
The Platters,no,,,,,
The Police,no,,,,,
The Psychedelic Furs,no,,,,,
The Roots,no,,,,,
The Shadows,no,,,,,
The Skatalites,no,,,,,
The Smashing Pumpkins,no,,,,,
The Smiths,no,,,,,
The Spencer Davis Group,no,,,,,
The Stranglers,no,,,,,
The Sugarhill Gang,no,,,,,
The Velvet Underground,no,,,,,
The Ventures,no,,,,,
The Yardbirds,no,,,,,
Theatre of Tragedy,no,,,,,
Thelonious Monk,no,,,,,
Thievery Corporation,yes,🌍,"DC's own downtempo ambassadors. Lebanese Blonde. The Mirror Conspiracy at 2 AM with the lights low. Dub, bossa nova, trip-hop — no borders, no genre, just vibes.",,yes,
Tina Turner,no,,,,,
Tiësto,no,,,,,
Tokio Hotel,no,,,,,
Tom Jones,no,,,,,
Tom Waits,no,,,,,
Tommy Flanagan,no,,,,,
Tommy Roe,yes,,,,,
Toni Braxton,no,,,,,
Tony Allen,no,,,,,
Tony Bennett,no,,,,,
Tool,yes,🌀,Lateralus. Fibonacci spirals and seven-minute time signatures. Maynard screams and you feel it in your spine. Thirteen years between albums and nobody stopped waiting.,,yes,
Toots & The Maytals,no,,,,,
Tori Amos,no,,,,,
Toto,no,,,,,
Troye Sivan,no,,,,,
Type O Negative,no,,,,,
T‐Bone Walker,no,,,,,
U2,no,,,,,
U96,no,,,,,
UB40,no,,,,,
Udo Lindenberg,no,,,,,
Underworld,no,,,,,
Uriah Heep,no,,,,,
UVERworld,no,,,,,
Vader,no,,,,,
Van Halen,no,,,,,
Van Morrison,no,,,,,
Vanessa Hudgens,yes,✨,Say OK. Come Back to Me. High School Musical's Gabriella stepped out solo and the V album had more edge than anyone expected.,,yes,
Venom,no,,,,,
Vince Staples,no,,,,,
Voivod,no,,,,,
Waka Flocka Flame,yes,💥,Hard in da Paint. No Hands. Flockaveli is the purest distillation of go-dumb energy ever recorded.,,yes,in the mood for some ignorant waka flocka shit
Wayne Shorter,no,,,,,
Ween,no,,,,,
Weezer,no,,,,,
Wes Montgomery,no,,,,,
Westlife,no,,,,,
Whigfield,no,,,,,
Wilson Pickett,no,,,,,
Xasthur,no,,,,,
XTC,no,,,,,
Yello,no,,,,,
Yellow Magic Orchestra,no,,,,,
Yes,no,,,,,
Yo La Tengo,no,,,,,
YoungBoy Never Broke Again,no,,,,,
אריק איינשטיין,no,,,,,
中森明菜,no,,,,,
倉木麻衣,no,,,,,
倖田來未,no,,,,,
坂本龍一,no,,,,,
安室奈美恵,no,,,,,
嵐,no,,,,,
松田聖子,no,,,,,
浜崎あゆみ,no,,,,,
王菲,no,,,,,
Bad Bunny,yes,🐰,El Conejo Malo. Reggaeton to experimental. Puerto Rico's biggest global export.,yes,,
21 Savage,yes,🔪,"British passport, Atlanta trap. Savage Mode II with Metro Boomin is the blueprint. A lot is an understatement.",,yes,
Adele,yes,🎤,Named her albums after her age. 21 broke every record that existed. Rolling in the Deep is fury disguised as pop.,,yes,
Alvvays,yes,🌊,"Canadian dream pop perfection. Archie, Marry Me is the hook that never leaves. Two v's, zero filler.",,yes,
Arctic Monkeys,yes,🎸,I Bet You Look Good on the Dancefloor. Sheffield lads to lounge lizards. Alex Turner reinvents himself every album.,,yes,
ATEEZ,yes,⚓,"K-pop with pirate energy. Eight members, zero chill. Guerrilla and Wonderland go harder than they need to.",,yes,
Bauhaus,yes,🦇,Bela Lugosi's Dead. Nine minutes of gothic post-punk that invented an entire subculture. Peter Murphy's cheekbones did the rest.,,yes,
black midi,yes,🌀,London math rock chaos. Schlagenheim sounds like a car crash you can't stop replaying. Geordie Greep screams through jazz.,,yes,
Boston,yes,🚀,More Than a Feeling. Tom Scholz built a spaceship in his basement. The debut sold 17 million copies.,,yes,
boygenius,yes,🌙,"Phoebe, Julien, Lucy. Three singer-songwriters who didn't need a supergroup but gave us one anyway.",,yes,
Buddy Holly,yes,👓,"Died at 22. Peggy Sue, That'll Be the Day, Everyday. Invented the rock band format. The plane crash that stopped the music.",,yes,
Captain Beefheart,yes,🎭,Don Van Vliet. Trout Mask Replica is either the greatest album ever made or unlistenable noise. No middle ground.,,yes,
Caroline Polachek,yes,✨,"Ex-Chairlift, solo siren. Bunny Is a Rider is hyperpop art school. That voice bends in ways voices shouldn't.",,yes,
Central Cee,yes,🇬🇧,West London drill gone global. Doja is the crossover. UK rap's most exportable voice.,,yes,
Chappell Roan,yes,👑,"Midwest princess. Good Luck, Babe! is the queer pop anthem of the decade. Zero to stadiums in one album cycle.",,yes,
Chicago,yes,🎺,Jazz-rock with horns. 25 or 6 to 4 is the riff. Saturday in the Park is the hit. Then Peter Cetera turned them into a ballad machine.,,yes,
Childish Gambino,yes,🌐,"Donald Glover rapping, singing, directing, writing. Because the Internet to Awaken My Love. Constant reinvention.",,yes,i feel dirty for liking this childish gambino album
Dead Kennedys,yes,💀,Jello Biafra's satire was sharper than most punk's anger. Holiday in Cambodia. California Uber Alles. West Coast hardcore with a brain.,,yes,
Destiny’s Child,yes,👢,"Beyoncé's origin story. Say My Name. Bills, Bills, Bills. Survivor. Kelly and Michelle held their own. The group that launched a dynasty.",,yes,
Dire Straits,yes,🎸,Mark Knopfler's fingers. Sultans of Swing is the audition tape. Money for Nothing is the MTV anthem. Brothers in Arms sold 30 million.,,yes,
Doja Cat,yes,🐱,Mooo! was a meme. Say So was a TikTok smash. Planet Her proved she's an actual artist. Scarlet proved she doesn't care what you think.,,yes,
Donovan,yes,☮️,"Britain's answer to Dylan. Sunshine Superman, Mellow Yellow, Hurdy Gurdy Man. Psychedelic folk before that was a genre.",,yes,
Ed Sheeran,yes,🎵,Loop pedal busker to biggest pop star on Earth. Shape of You. Thinking Out Loud. The math symbols keep coming.,,yes,
Eurythmics,yes,😎,Sweet Dreams Are Made of This. Annie Lennox's voice over Dave Stewart's synths. Who am I to disagree.,,yes,
Feid,yes,🔥,Ferxxo. Medellín's reggaeton prince. FERXXOCALIPSIS is the party. Collaboration machine with Karol G and everyone else.,,yes,
Fontaines D.C.,yes,🍀,Dublin post-punk. Dogrel is poetry shouted over guitars. Boys in the Better Land is the anthem. Ireland's loudest export.,,yes,
Franz Ferdinand,yes,🕺,Take Me Out. That guitar riff change is the moment indie disco was born. Scottish art school groove.,,yes,
Fugees,yes,🌍,"The Score. Lauryn Hill, Wyclef, Pras. Killing Me Softly reimagined. Ready or Not. One perfect album then implosion.",,yes,
Ghost,yes,⛪,Swedish metal dressed as satanic pop. Square Hammer is an arena anthem. Tobias Forge is the only constant behind the mask.,,yes,
Gojira,yes,🐋,French environmental metal. Flying Whales is the song. From Mars to Sirius is the album. Heavy as tectonic plates.,,yes,
Grace Jones,yes,💃,"Jamaican-American icon. Nightclubbing is art. Pull Up to the Bumper is funk. Slave to the Rhythm is eternal. Fashion, model, force of nature.",,yes,
Grimes,yes,👽,Claire Boucher built Visions on GarageBand in two weeks. Oblivion is the song. Art Angels is the pop pivot. Cyberpunk before it was cringe.,,yes,
Hozier,yes,🌿,Take Me to Church. Irish folk-soul with a baritone that fills cathedrals. Too Sweet broke streaming records in 2024.,,yes,
Ice Spice,yes,🍦,Bronx drill princess. Munch was the moment. Y2K is the debut. Gen Z energy distilled into ad-libs.,,yes,
Jack Harlow,yes,🎤,Louisville charm. First Class sampled Fergie and went number one. Industry Baby with Lil Nas X. Frat rap grown up.,,yes,
Janis Joplin,yes,🌹,Me and Bobby McGee. Piece of My Heart. The voice that tore itself apart. Pearl came out posthumous. 27 forever.,,yes,
Japanese Breakfast,yes,🍳,Michelle Zauner turned grief into Psychopomp. Jubilee is joy after mourning. Also wrote Crying in H Mart. Polymath.,,yes,
Juan Gabriel,yes,🇲🇽,El Divo de Juárez. Querida. Amor Eterno. Mexico's greatest songwriter. 42 albums. Performed for millions. Cried with all of them.,,yes,
KAROL G,yes,💙,La Bichota. TQG with Shakira was the crossover. Mañana Será Bonito is the album. Colombia to the world.,,yes,
Knocked Loose,yes,🔨,Kentucky hardcore. Counting Worms is violence. You Won't Go Before You're Supposed To proved heavy music still moves.,,yes,
Leonard Cohen,yes,🕯️,Hallelujah. Suzanne. Bird on the Wire. Canadian poet who sang in a baritone whisper. Wrote until the very end.,,yes,
Lil Peep,yes,🖤,Emo rap pioneer. Awful Things. Star Shopping. Gone at 21. Opened a door between punk and SoundCloud rap that never closed.,,yes,
Magdalena Bay,yes,💿,Synth-pop duo. Mercurial World is a simulation. Imaginal Disk is the upgrade. Retro-futurism with a wink.,,yes,
Maroon 5,yes,🎙️,"Songs About Jane is a great debut. This Love, She Will Be Loved. Then Adam Levine became a TV judge and the band became a hit factory.",,yes,
Mastodon,yes,🦣,Progressive sludge metal. Leviathan is Moby Dick as a concept album. Crack the Skye goes to space. Blood Mountain splits the difference.,,yes,
Megan Thee Stallion,yes,🔥,Hot Girl Summer. Savage remix with Beyoncé. Houston rap with a degree. Body-ody-ody.,,yes,
Melanie Martinez,yes,🎪,Cry Baby is a concept album about childhood trauma dressed in pastels. PORTALS goes alien. Directed her own film. Auteur pop.,,yes,
MGMT,yes,🌈,Kids. Time to Pretend. Electric Feel. Oracular Spectacular was the blog-era bible. Then they made three deliberately weird albums.,,yes,
Missy Elliott,yes,🛸,"Get Ur Freak On. Work It. Timbaland beats and Missy's vision. Most innovative woman in hip hop history. The rain, supa dupa fly.",,yes,
Mumford & Sons,yes,🪕,The Cave. Little Lion Man. Banjo folk-rock that filled arenas. Sigh No More started a whole genre wave.,,yes,
Måneskin,no,,,,,
N.W.A,no,,,,,
NewJeans,no,,,,,
Nick Cave,yes,🕯️,The Bad Seeds. Red Right Hand. Into My Arms. Australian gothic. Murder ballads and love songs from the same dark pen.,,yes,
No Doubt,yes,🏁,Gwen Stefani before solo. Don't Speak. Tragic Kingdom. Ska-punk meets new wave. Just a Girl was the anthem.,,yes,
Olivia Rodrigo,yes,💔,Drivers License broke the internet. SOUR is a breakup album that sold 15 million. GUTS proved it wasn't a fluke.,,yes,
One Direction,yes,🌟,What Makes You Beautiful. Five lads from X Factor. Biggest boy band since the Beatles comparisons. Then Harry went solo.,,yes,
OneRepublic,yes,🎹,Apologize with Timbaland. Counting Stars. Ryan Tedder writes hits for everyone else too. Pop-rock for the streaming era.,,yes,
Panic! at the Disco,yes,🎪,I Write Sins Not Tragedies. Brendon Urie's voice and theatrical excess. A Fever You Can't Sweat Out is emo-pop perfection.,,yes,
Patti Smith,yes,📖,Horses. Gloria reimagined. Punk poet laureate. Because the Night with Springsteen. Merged poetry and rock before anyone else.,,yes,
Peso Pluma,yes,🏆,Génesis blew up corridos tumbados worldwide. Ella Baila Sola was inescapable. Mexico's new generation in one voice.,,yes,
Pharrell Williams,yes,🎹,Half of The Neptunes. Produced half your playlist. Happy became inescapable but G I R L is the real album.,,yes,this pharrell album is insane
Phil Collins,yes,🥁,In the Air Tonight. That drum fill. Genesis drummer gone solo megastar. Against All Odds. Sussudio. Owned the 80s.,,yes,
PinkPantheress,yes,🩷,2-minute songs. TikTok bedroom pop. Boy's a Liar Pt. 2 with Ice Spice. Jungle and drum'n'bass nostalgia from Gen Z.,,yes,
PJ Harvey,yes,⚡,"Rid of Me. Polly Jean shreds, whispers, screams. Let England Shake won the Mercury Prize. Reinvents herself every album.",,yes,
Portishead,yes,🌫️,Dummy invented trip-hop. Glory Box. Sour Times. Beth Gibbons' voice over scratchy vinyl beats. Third went industrial and disappeared.,,yes,
Post Malone,yes,🍺,Congratulations. White Iverson. Genre? Yes. Beer pong to billion streams pipeline.,,yes,
Procol Harum,yes,🎹,A Whiter Shade of Pale. That organ intro is one of the most recognizable in rock. Then 12 more albums nobody talks about.,,yes,
Rauw Alejandro,yes,🕺,Puerto Rican R&B meets reggaeton. Todo de Ti is the hit. Cosa Nuestra goes full salsa. Latin pop's smoothest operator.,,yes,
Roxy Music,yes,🦩,Bryan Ferry's sophistication meets Brian Eno's chaos. Avalon is the smoothest album ever made. For Your Pleasure is the weird one.,,yes,
Röyksopp,no,,,,,
Sabrina Carpenter,yes,💋,Espresso. Disney kid to pop star pipeline done right. Short n' Sweet is the summer album. Nonsense outros are the secret weapon.,,yes,
Siouxsie and the Banshees,yes,🕷️,Juju. Spellbound. Hong Kong Garden. Gothic post-punk royalty. Siouxsie Sioux's voice cuts through everything.,,yes,
Slayyyter,yes,💫,Hyperpop provocateur. Troubled Paradise is Y2K pop maximalism. Daddy AF. Internet pop with zero filter.,,yes,
Squid,yes,🦑,Brighton post-punk. Bright Green Field is chaotic and brainy. Narrator is seven minutes of controlled panic.,,yes,
Supertramp,yes,🥐,Breakfast in America. The Logical Song. Crime of the Century. Art-pop disguised as radio rock. That Wurlitzer sound.,,yes,
Swedish House Mafia,yes,🔊,Don't You Worry Child. Three DJs who broke EDM into the mainstream. Save the World. One reunion tour at a time.,,yes,
Tems,yes,🌍,"Nigerian Afrobeats meets R&B. Free Mind. Featured on Drake and Future, then Born in the Wild proved she doesn't need features.",,yes,
The Killers,yes,🏜️,Mr. Brightside never left the UK charts. Brandon Flowers brought Las Vegas drama to indie rock.,,yes,
The Mamas & the Papas,yes,🌸,California Dreamin'. Monday Monday. Laurel Canyon harmonies. Four voices that defined the 60s folk-pop sound.,,yes,
The Offspring,yes,🔥,Self Esteem. Come Out and Play. Pretty Fly for a White Guy. Smash sold 11 million on Epitaph. 90s punk-pop kings.,,yes,
The Stooges,yes,⚡,Iggy Pop invented punk before punk existed. I Wanna Be Your Dog. Raw Power. Fun House is a noise masterpiece.,,yes,
The Verve,yes,🌧️,Bitter Sweet Symphony. That string sample. Richard Ashcroft walking down the street. Urban Hymns is Britpop's last great album.,,yes,
Thin Lizzy,yes,🎸,The Boys Are Back in Town. Phil Lynott. Twin guitar harmonies. Jailbreak is the album. Irish rock's greatest.,,yes,
Tito Puente,yes,🥁,El Rey del Timbal. Oye Como Va before Santana covered it. Dance Mania. 100+ albums. The king of Latin jazz.,,yes,
TLC,yes,🦋,"Waterfalls. No Scrubs. CrazySexyCool sold 23 million. T-Boz, Left Eye, Chilli. Best-selling girl group in American history.",,yes,
Turnstile,yes,🌀,Baltimore hardcore meets summer vibes. GLOW ON broke hardcore out of basements. Mystery is the crossover.,,yes,
twenty one pilots,yes,⬛,Stressed Out. Ride. Heathens. Tyler Joseph and Josh Dun turned anxiety into arena anthems. Blurryface went diamond.,,yes,
Village People,yes,🏗️,"Y.M.C.A. Macho Man. Disco camp perfection. Every wedding, every sporting event. They knew exactly what they were doing.",,yes,
Wet Leg,yes,🦵,Chaise Longue. Isle of Wight duo with deadpan humor and guitar hooks. The debut won a Brit Award. Moisturizer keeps it going.,,yes,
Yeah Yeah Yeahs,yes,🗺️,Maps. Karen O's feral energy. Zero is the glam hit. Fever to Tell is art-punk perfection. NYC's wildest.,,yes,
Yeat,yes,🔔,Twizzy. Flëw. Autonomous trap. Lyfestyle with Drake. The sound of rap's algorithmic future. Tonka.,,yes,
Young Thug,yes,🐍,Rewrote the rules of rap melody. So Much Fun is the thesis statement. Then they locked him up.,,yes,young thug while my grandma talks / you cant full appreciate young thug without lyrics mannn / hang up the phone with grandma turn on the young thug
Zach Bryan,yes,🤠,Something in the Orange. Oklahoma poet. DeAnn was recorded in a barracks. Country's most authentic voice in a decade.,,yes,
Zedd,yes,💎,Clarity with Foxes. Stay with Alessia Cara. Russian-German producer who brought EDM to pop radio.,,yes,
Flea,yes,🎸,a plee from flee,,yes,
John Frusciante,yes,🎸,"RHCP's secret weapon, solo catalog deeper than most careers. Niandra LaDes is raw nerve. Curtains is gorgeous. Shadows Collide With People is the masterpiece nobody heard.",,yes,
Ella Langley,no,,,,,
